{
"bones": [
	{ "name": "root" },
	{ "name": "lshoulder", "parent": "root", "length": 85.93, "x": -0.62, "y": -0.31, "rotation": -169.62 },
	{ "name": "lthigh", "parent": "root", "length": 25.78, "x": -0.19, "y": -0.31, "rotation": 171.49 },
	{ "name": "rshoulder", "parent": "root", "length": 84.99, "x": -0.19, "y": 0.1, "rotation": -10.45 },
	{ "name": "rthigh", "parent": "root", "length": 26.5, "x": -0.62, "y": -0.31, "rotation": 12 },
	{ "name": "larm", "parent": "lshoulder", "length": 50.8, "x": 85.93, "y": -0.01, "rotation": -113.87 },
	{ "name": "lleg", "parent": "lthigh", "length": 53.34, "x": 25.72, "y": 0.41, "rotation": -83.66 },
	{ "name": "rarm", "parent": "rshoulder", "length": 49.21, "x": 85, "y": -0.04, "rotation": 98.57 },
	{ "name": "rleg", "parent": "rthigh", "length": 56.28, "x": 26.5, "y": 0.01, "rotation": 69.45 },
	{ "name": "lfoot", "parent": "lleg", "length": 32.57, "x": 53.34, "y": 0.08, "rotation": 10.65 },
	{ "name": "lhand", "parent": "larm", "length": 18.07, "x": 50.8, "y": -0.09, "rotation": -0.12 },
	{ "name": "rfoot", "parent": "rleg", "length": 31.51, "x": 56.28, "y": -0.17, "rotation": -0.02 },
	{ "name": "rhand", "parent": "rarm", "length": 20.47, "x": 49.27, "y": 0.3, "rotation": 20.51 }
],
"slots": [
	{ "name": "lfoot", "bone": "lfoot", "attachment": "leftfoot" },
	{ "name": "rfoot", "bone": "rfoot", "attachment": "rightfoot" },
	{ "name": "lleg", "bone": "lleg", "attachment": "lleg" },
	{ "name": "rleg", "bone": "rleg", "attachment": "rleg" },
	{ "name": "lhand", "bone": "lhand", "attachment": "hand" },
	{ "name": "rhand", "bone": "rhand", "attachment": "hand" },
	{ "name": "rarm", "bone": "rarm", "attachment": "overarm" },
	{ "name": "larm", "bone": "larm", "attachment": "overarm" },
	{ "name": "rshoulder", "bone": "rshoulder", "attachment": "shoulder" },
	{ "name": "lshoulder", "bone": "lshoulder", "attachment": "shoulder" },
	{ "name": "chest", "bone": "root", "attachment": "chest" },
	{ "name": "head", "bone": "root", "attachment": "head" }
],
"skins": {
	"default": {
		"chest": {
			"chest": { "width": 170, "height": 96 }
		},
		"head": {
			"head": { "width": 84, "height": 84 }
		},
		"larm": {
			"overarm": { "x": 25.9, "y": 8.13, "rotation": -72.57, "width": 54, "height": 64 }
		},
		"lfoot": {
			"leftfoot": { "rotation": -82.69, "width": 34, "height": 84 }
		},
		"lhand": {
			"hand": { "x": 11.71, "y": 1.61, "rotation": -41.14, "width": 34, "height": 36 }
		},
		"lleg": {
			"lleg": { "x": 12.46, "y": 0.45, "rotation": -101.4, "width": 54, "height": 115 }
		},
		"lshoulder": {
			"shoulder": { "x": 65.31, "y": -6.52, "rotation": 163.63, "width": 74, "height": 64 }
		},
		"rarm": {
			"overarm": { "x": 22.99, "y": -6.01, "rotation": -104.65, "width": 54, "height": 64 }
		},
		"rfoot": {
			"rightfoot": { "rotation": -99.73, "width": 34, "height": 84 }
		},
		"rhand": {
			"hand": { "x": 12.46, "y": 0.64, "rotation": -131.39, "width": 34, "height": 36 }
		},
		"rleg": {
			"rleg": { "x": 9.95, "y": -2.19, "rotation": -77.08, "width": 54, "height": 115 }
		},
		"rshoulder": {
			"shoulder": { "x": 66.44, "y": 7.73, "rotation": 16.24, "width": 74, "height": 64 }
		}
	}
},
"animations": {
	"run": {
		"slots": {
			"chest": {
				"attachment": [
					{ "time": 0, "name": "chest" },
					{ "time": 0.4, "name": "chest" },
					{ "time": 0.8, "name": "chest" }
				]
			},
			"head": {
				"attachment": [
					{ "time": 0, "name": "head" },
					{ "time": 0.4, "name": "head" },
					{ "time": 0.8, "name": "head" }
				]
			},
			"larm": {
				"attachment": [
					{ "time": 0, "name": "overarm" },
					{ "time": 0.4, "name": "overarm" },
					{ "time": 0.8, "name": "overarm" }
				]
			},
			"lfoot": {
				"attachment": [
					{ "time": 0.4, "name": "leftfoot" },
					{ "time": 0.8, "name": "leftfoot" }
				]
			},
			"lhand": {
				"attachment": [
					{ "time": 0, "name": "hand" },
					{ "time": 0.4, "name": "hand" },
					{ "time": 0.8, "name": "hand" }
				]
			},
			"lleg": {
				"attachment": [
					{ "time": 0, "name": "lleg" },
					{ "time": 0.4, "name": "lleg" },
					{ "time": 0.8, "name": "lleg" }
				]
			},
			"lshoulder": {
				"attachment": [
					{ "time": 0, "name": "shoulder" },
					{ "time": 0.4, "name": "shoulder" },
					{ "time": 0.8, "name": "shoulder" }
				]
			},
			"rarm": {
				"attachment": [
					{ "time": 0, "name": "overarm" },
					{ "time": 0.4, "name": "overarm" },
					{ "time": 0.8, "name": "overarm" }
				]
			},
			"rfoot": {
				"attachment": [
					{ "time": 0, "name": "rightfoot" },
					{ "time": 0.4, "name": "rightfoot" },
					{ "time": 0.8, "name": "rightfoot" }
				]
			},
			"rhand": {
				"attachment": [
					{ "time": 0, "name": "hand" },
					{ "time": 0.4, "name": "hand" },
					{ "time": 0.8, "name": "hand" }
				]
			},
			"rleg": {
				"attachment": [
					{ "time": 0, "name": "rleg" },
					{ "time": 0.4, "name": "rleg" },
					{ "time": 0.8, "name": "rleg" }
				]
			},
			"rshoulder": {
				"attachment": [
					{ "time": 0, "name": "shoulder" },
					{ "time": 0.4, "name": "shoulder" },
					{ "time": 0.8, "name": "shoulder" }
				]
			}
		},
		"bones": {
			"lhand": {
				"rotate": [
					{
						"time": 0,
						"angle": 0.09,
						"curve": [ 0.256, 0, 0.619, 0.46 ]
					},
					{
						"time": 0.1666,
						"angle": -17.2,
						"curve": [ 0.365, 0.45, 0.754, 1 ]
					},
					{ "time": 0.4, "angle": -44.28 },
					{ "time": 0.8, "angle": -4.41 }
				],
				"translate": [
					{ "time": 0.1666, "x": 0, "y": 0 }
				],
				"scale": [
					{ "time": 0, "x": 1, "y": 1, "curve": "stepped" },
					{ "time": 0.1666, "x": 1, "y": 1, "curve": "stepped" },
					{ "time": 0.4, "x": 1, "y": 1, "curve": "stepped" },
					{ "time": 0.8, "x": 1, "y": 1 }
				]
			},
			"larm": {
				"rotate": [
					{
						"time": 0,
						"angle": 6.83,
						"curve": [ 0.256, 0, 0.619, 0.46 ]
					},
					{
						"time": 0.1666,
						"angle": 3.44,
						"curve": [ 0.365, 0.45, 0.754, 1 ]
					},
					{ "time": 0.4, "angle": -1.87 },
					{ "time": 0.8, "angle": 1.72 }
				],
				"translate": [
					{ "time": 0.1666, "x": 0, "y": 0 }
				],
				"scale": [
					{
						"time": 0,
						"x": 0.784,
						"y": 1,
						"curve": [ 0.256, 0, 0.619, 0.46 ]
					},
					{
						"time": 0.1666,
						"x": 0.942,
						"y": 1,
						"curve": [ 0.365, 0.45, 0.754, 1 ]
					},
					{ "time": 0.4, "x": 1.19, "y": 1 },
					{ "time": 0.8, "x": 0.784, "y": 1 }
				]
			},
			"rarm": {
				"rotate": [
					{ "time": 0, "angle": 0, "curve": "stepped" },
					{ "time": 0.1666, "angle": 0, "curve": "stepped" },
					{ "time": 0.4, "angle": 0, "curve": "stepped" },
					{ "time": 0.8, "angle": 0 }
				],
				"translate": [
					{ "time": 0.1666, "x": 0, "y": 0 }
				],
				"scale": [
					{ "time": 0, "x": 1.205, "y": 1, "curve": "stepped" },
					{ "time": 0.1666, "x": 1.205, "y": 1, "curve": "stepped" },
					{ "time": 0.4, "x": 1.205, "y": 1, "curve": "stepped" },
					{ "time": 0.8, "x": 1.205, "y": 1 }
				]
			},
			"lleg": {
				"rotate": [
					{ "time": 0, "angle": 0, "curve": "stepped" },
					{ "time": 0.1666, "angle": 0, "curve": "stepped" },
					{ "time": 0.4, "angle": 0, "curve": "stepped" },
					{ "time": 0.8, "angle": 0 }
				],
				"translate": [
					{ "time": 0.1666, "x": 0, "y": 0 }
				],
				"scale": [
					{
						"time": 0,
						"x": 1.005,
						"y": 1,
						"curve": [ 0.256, 0, 0.619, 0.46 ]
					},
					{
						"time": 0.1666,
						"x": 0.347,
						"y": 0.345,
						"curve": [ 0.365, 0.45, 0.754, 1 ]
					},
					{ "time": 0.4, "x": -0.682, "y": -0.678 },
					{ "time": 0.8, "x": 1.005, "y": 1 }
				]
			},
			"rleg": {
				"rotate": [
					{ "time": 0, "angle": 0, "curve": "stepped" },
					{ "time": 0.1666, "angle": 0, "curve": "stepped" },
					{ "time": 0.4, "angle": 0, "curve": "stepped" },
					{ "time": 0.8, "angle": 0 }
				],
				"translate": [
					{ "time": 0.1666, "x": 0, "y": 0 }
				],
				"scale": [
					{
						"time": 0,
						"x": -0.714,
						"y": 1,
						"curve": [ 0.256, 0, 0.619, 0.46 ]
					},
					{
						"time": 0.1666,
						"x": -0.065,
						"y": 1,
						"curve": [ 0.365, 0.45, 0.754, 1 ]
					},
					{ "time": 0.4, "x": 0.951, "y": 1 },
					{ "time": 0.8, "x": -0.714, "y": 1 }
				]
			},
			"root": {
				"rotate": [
					{
						"time": 0,
						"angle": 5,
						"curve": [ 0.256, 0, 0.619, 0.46 ]
					},
					{
						"time": 0.1666,
						"angle": 1.1,
						"curve": [ 0.365, 0.45, 0.754, 1 ]
					},
					{ "time": 0.4, "angle": -5 },
					{ "time": 0.8, "angle": 5 }
				],
				"translate": [
					{ "time": 0, "x": 0, "y": 0, "curve": "stepped" },
					{ "time": 0.1666, "x": 0, "y": 0, "curve": "stepped" },
					{ "time": 0.4, "x": 0, "y": 0, "curve": "stepped" },
					{ "time": 0.8, "x": 0, "y": 0 }
				],
				"scale": [
					{ "time": 0, "x": 1, "y": 1, "curve": "stepped" },
					{ "time": 0.1666, "x": 1, "y": 1, "curve": "stepped" },
					{ "time": 0.4, "x": 1, "y": 1, "curve": "stepped" },
					{ "time": 0.8, "x": 1, "y": 1 }
				]
			},
			"lshoulder": {
				"rotate": [
					{
						"time": 0,
						"angle": 7.68,
						"curve": [ 0.256, 0, 0.619, 0.46 ]
					},
					{
						"time": 0.1666,
						"angle": 2.46,
						"curve": [ 0.365, 0.45, 0.754, 1 ]
					},
					{ "time": 0.4, "angle": -5.69 },
					{ "time": 0.8, "angle": 7.68 }
				],
				"translate": [
					{ "time": 0.1666, "x": 0, "y": 0 }
				],
				"scale": [
					{ "time": 0, "x": 1, "y": 1, "curve": "stepped" },
					{ "time": 0.1666, "x": 1, "y": 1, "curve": "stepped" },
					{ "time": 0.4, "x": 1, "y": 1, "curve": "stepped" },
					{ "time": 0.8, "x": 1, "y": 1 }
				]
			},
			"lfoot": {
				"rotate": [
					{ "time": 0, "angle": 0, "curve": "stepped" },
					{ "time": 0.1666, "angle": 0, "curve": "stepped" },
					{ "time": 0.4, "angle": 0, "curve": "stepped" },
					{ "time": 0.8, "angle": 0 }
				],
				"translate": [
					{ "time": 0.1666, "x": 0, "y": 0 }
				],
				"scale": [
					{ "time": 0, "x": 1, "y": 1, "curve": "stepped" },
					{ "time": 0.1666, "x": 1, "y": 1, "curve": "stepped" },
					{ "time": 0.4, "x": 1, "y": 1, "curve": "stepped" },
					{ "time": 0.8, "x": 1, "y": 1 }
				]
			},
			"rshoulder": {
				"rotate": [
					{
						"time": 0,
						"angle": 0,
						"curve": [ 0.256, 0, 0.619, 0.46 ]
					},
					{
						"time": 0.1666,
						"angle": -3.99,
						"curve": [ 0.365, 0.45, 0.754, 1 ]
					},
					{ "time": 0.4, "angle": -10.25 },
					{ "time": 0.8, "angle": 0 }
				],
				"translate": [
					{ "time": 0.1666, "x": 0, "y": 0 }
				],
				"scale": [
					{ "time": 0, "x": 1, "y": 1, "curve": "stepped" },
					{ "time": 0.1666, "x": 1, "y": 1, "curve": "stepped" },
					{ "time": 0.4, "x": 1, "y": 1, "curve": "stepped" },
					{ "time": 0.8, "x": 1, "y": 1 }
				]
			},
			"rhand": {
				"rotate": [
					{ "time": 0, "angle": 0, "curve": "stepped" },
					{ "time": 0.1666, "angle": 0, "curve": "stepped" },
					{ "time": 0.4, "angle": 0, "curve": "stepped" },
					{ "time": 0.8, "angle": 0 }
				],
				"translate": [
					{ "time": 0.1666, "x": 0, "y": 0 }
				],
				"scale": [
					{ "time": 0, "x": 1, "y": 1, "curve": "stepped" },
					{ "time": 0.1666, "x": 1, "y": 1, "curve": "stepped" },
					{ "time": 0.4, "x": 1, "y": 1, "curve": "stepped" },
					{ "time": 0.8, "x": 1, "y": 1 }
				]
			},
			"rfoot": {
				"rotate": [
					{ "time": 0, "angle": 0, "curve": "stepped" },
					{ "time": 0.1666, "angle": 0, "curve": "stepped" },
					{ "time": 0.4, "angle": 0, "curve": "stepped" },
					{ "time": 0.8, "angle": 0 }
				],
				"translate": [
					{ "time": 0.1666, "x": 0, "y": 0 }
				],
				"scale": [
					{ "time": 0, "x": 1, "y": 1, "curve": "stepped" },
					{ "time": 0.1666, "x": 1, "y": 1, "curve": "stepped" },
					{ "time": 0.4, "x": 1, "y": 1, "curve": "stepped" },
					{ "time": 0.8, "x": 1, "y": 1 }
				]
			},
			"lthigh": {
				"rotate": [
					{ "time": 0, "angle": 0, "curve": "stepped" },
					{ "time": 0.1666, "angle": 0, "curve": "stepped" },
					{ "time": 0.4, "angle": 0, "curve": "stepped" },
					{ "time": 0.8, "angle": 0 }
				],
				"translate": [
					{ "time": 0.1666, "x": 0, "y": 0 }
				],
				"scale": [
					{ "time": 0, "x": 1, "y": 1, "curve": "stepped" },
					{ "time": 0.1666, "x": 1, "y": 1, "curve": "stepped" },
					{ "time": 0.4, "x": 1, "y": 1, "curve": "stepped" },
					{ "time": 0.8, "x": 1, "y": 1 }
				]
			},
			"rthigh": {
				"rotate": [
					{ "time": 0, "angle": 0, "curve": "stepped" },
					{ "time": 0.1666, "angle": 0, "curve": "stepped" },
					{ "time": 0.4, "angle": 0, "curve": "stepped" },
					{ "time": 0.8, "angle": 0 }
				],
				"translate": [
					{ "time": 0.1666, "x": 0, "y": 0 }
				],
				"scale": [
					{ "time": 0, "x": 1, "y": 1, "curve": "stepped" },
					{ "time": 0.1666, "x": 1, "y": 1, "curve": "stepped" },
					{ "time": 0.4, "x": 1, "y": 1, "curve": "stepped" },
					{ "time": 0.8, "x": 1, "y": 1 }
				]
			}
		},
		"draworder": [
			{ "time": 0 },
			{ "time": 0.4 },
			{ "time": 0.8 }
		]
	},
	"runweapon": {
		"slots": {
			"chest": {
				"attachment": [
					{ "time": 0, "name": "chest" },
					{ "time": 0.4, "name": "chest" },
					{ "time": 0.8, "name": "chest" }
				]
			},
			"head": {
				"attachment": [
					{ "time": 0, "name": "head" },
					{ "time": 0.4, "name": "head" },
					{ "time": 0.8, "name": "head" }
				]
			},
			"larm": {
				"attachment": [
					{ "time": 0, "name": "overarm" },
					{ "time": 0.4, "name": "overarm" },
					{ "time": 0.8, "name": "overarm" }
				]
			},
			"lfoot": {
				"attachment": [
					{ "time": 0.4, "name": "leftfoot" },
					{ "time": 0.8, "name": "leftfoot" }
				]
			},
			"lhand": {
				"attachment": [
					{ "time": 0, "name": "hand" },
					{ "time": 0.4, "name": "hand" },
					{ "time": 0.8, "name": "hand" }
				]
			},
			"lleg": {
				"attachment": [
					{ "time": 0, "name": "lleg" },
					{ "time": 0.4, "name": "lleg" },
					{ "time": 0.8, "name": "lleg" }
				]
			},
			"lshoulder": {
				"attachment": [
					{ "time": 0, "name": "shoulder" },
					{ "time": 0.4, "name": "shoulder" },
					{ "time": 0.8, "name": "shoulder" }
				]
			},
			"rarm": {
				"attachment": [
					{ "time": 0, "name": "overarm" },
					{ "time": 0.4, "name": "overarm" },
					{ "time": 0.8, "name": "overarm" }
				]
			},
			"rfoot": {
				"attachment": [
					{ "time": 0, "name": "rightfoot" },
					{ "time": 0.4, "name": "rightfoot" },
					{ "time": 0.8, "name": "rightfoot" }
				]
			},
			"rhand": {
				"attachment": [
					{ "time": 0, "name": "hand" },
					{ "time": 0.4, "name": "hand" },
					{ "time": 0.8, "name": "hand" }
				]
			},
			"rleg": {
				"attachment": [
					{ "time": 0, "name": "rleg" },
					{ "time": 0.4, "name": "rleg" },
					{ "time": 0.8, "name": "rleg" }
				]
			},
			"rshoulder": {
				"attachment": [
					{ "time": 0, "name": "shoulder" },
					{ "time": 0.4, "name": "shoulder" },
					{ "time": 0.8, "name": "shoulder" }
				]
			}
		},
		"bones": {
			"lhand": {
				"rotate": [
					{
						"time": 0,
						"angle": 0.52,
						"curve": [ 0.25, 0, 0.75, 1 ]
					},
					{ "time": 0.4, "angle": -44.28 },
					{ "time": 0.8, "angle": 0.52 }
				],
				"translate": [
					{ "time": 0, "x": 0, "y": 0, "curve": "stepped" },
					{ "time": 0.4, "x": 0, "y": 0, "curve": "stepped" },
					{ "time": 0.8, "x": 0, "y": 0 }
				],
				"scale": [
					{ "time": 0, "x": 1, "y": 1, "curve": "stepped" },
					{ "time": 0.4, "x": 1, "y": 1, "curve": "stepped" },
					{ "time": 0.8, "x": 1, "y": 1 }
				]
			},
			"larm": {
				"rotate": [
					{
						"time": 0,
						"angle": 7.26,
						"curve": [ 0.25, 0, 0.75, 1 ]
					},
					{ "time": 0.4, "angle": -1.87 },
					{ "time": 0.8, "angle": 7.26 }
				],
				"translate": [
					{ "time": 0, "x": 0, "y": 0, "curve": "stepped" },
					{ "time": 0.4, "x": 0, "y": 0, "curve": "stepped" },
					{ "time": 0.8, "x": 0, "y": 0 }
				],
				"scale": [
					{
						"time": 0,
						"x": 0.784,
						"y": 1,
						"curve": [ 0.25, 0, 0.75, 1 ]
					},
					{ "time": 0.4, "x": 1.19, "y": 1 },
					{ "time": 0.8, "x": 0.784, "y": 1 }
				]
			},
			"rarm": {
				"rotate": [
					{
						"time": 0,
						"angle": -26.51,
						"curve": [ 0.25, 0, 0.75, 1 ]
					},
					{ "time": 0.4, "angle": -16.92 },
					{ "time": 0.8, "angle": -26.51 }
				],
				"translate": [
					{ "time": 0, "x": 0, "y": 0, "curve": "stepped" },
					{ "time": 0.4, "x": 0, "y": 0, "curve": "stepped" },
					{ "time": 0.8, "x": 0, "y": 0 }
				],
				"scale": [
					{
						"time": 0,
						"x": 1.313,
						"y": 0.833,
						"curve": [ 0.25, 0, 0.75, 1 ]
					},
					{ "time": 0.4, "x": 1.205, "y": 0.858 },
					{ "time": 0.8, "x": 1.313, "y": 0.833 }
				]
			},
			"lleg": {
				"rotate": [
					{
						"time": 0,
						"angle": 0.42,
						"curve": [ 0.25, 0, 0.75, 1 ]
					},
					{ "time": 0.4, "angle": 0 },
					{ "time": 0.8, "angle": 0.42 }
				],
				"translate": [
					{ "time": 0, "x": 0, "y": 0, "curve": "stepped" },
					{ "time": 0.4, "x": 0, "y": 0, "curve": "stepped" },
					{ "time": 0.8, "x": 0, "y": 0 }
				],
				"scale": [
					{
						"time": 0,
						"x": 1.005,
						"y": 1,
						"curve": [ 0.25, 0, 0.75, 1 ]
					},
					{ "time": 0.4, "x": -0.682, "y": -0.678 },
					{ "time": 0.8, "x": 1.005, "y": 1 }
				]
			},
			"rleg": {
				"rotate": [
					{
						"time": 0,
						"angle": 0.42,
						"curve": [ 0.25, 0, 0.75, 1 ]
					},
					{ "time": 0.4, "angle": 0 },
					{ "time": 0.8, "angle": 0.42 }
				],
				"translate": [
					{ "time": 0, "x": 0, "y": 0, "curve": "stepped" },
					{ "time": 0.4, "x": 0, "y": 0, "curve": "stepped" },
					{ "time": 0.8, "x": 0, "y": 0 }
				],
				"scale": [
					{
						"time": 0,
						"x": -0.714,
						"y": 1,
						"curve": [ 0.25, 0, 0.75, 1 ]
					},
					{ "time": 0.4, "x": 0.951, "y": 1 },
					{ "time": 0.8, "x": -0.714, "y": 1 }
				]
			},
			"root": {
				"rotate": [
					{
						"time": 0,
						"angle": 5.42,
						"curve": [ 0.25, 0, 0.75, 1 ]
					},
					{ "time": 0.4, "angle": -5 },
					{ "time": 0.8, "angle": 5.42 }
				],
				"translate": [
					{ "time": 0, "x": 0, "y": 0, "curve": "stepped" },
					{ "time": 0.4, "x": 0, "y": 0, "curve": "stepped" },
					{ "time": 0.8, "x": 0, "y": 0 }
				],
				"scale": [
					{ "time": 0, "x": 1, "y": 1, "curve": "stepped" },
					{ "time": 0.4, "x": 1, "y": 1, "curve": "stepped" },
					{ "time": 0.8, "x": 1, "y": 1 }
				]
			},
			"lshoulder": {
				"rotate": [
					{
						"time": 0,
						"angle": 8.1,
						"curve": [ 0.25, 0, 0.75, 1 ]
					},
					{ "time": 0.4, "angle": -5.69 },
					{ "time": 0.8, "angle": 8.1 }
				],
				"translate": [
					{ "time": 0, "x": 0, "y": 0, "curve": "stepped" },
					{ "time": 0.4, "x": 0, "y": 0, "curve": "stepped" },
					{ "time": 0.8, "x": 0, "y": 0 }
				],
				"scale": [
					{ "time": 0, "x": 1, "y": 1, "curve": "stepped" },
					{ "time": 0.4, "x": 1, "y": 1, "curve": "stepped" },
					{ "time": 0.8, "x": 1, "y": 1 }
				]
			},
			"lfoot": {
				"rotate": [
					{
						"time": 0,
						"angle": 0.42,
						"curve": [ 0.25, 0, 0.75, 1 ]
					},
					{ "time": 0.4, "angle": 0 },
					{ "time": 0.8, "angle": 0.42 }
				],
				"translate": [
					{ "time": 0, "x": 0, "y": 0, "curve": "stepped" },
					{ "time": 0.4, "x": 0, "y": 0, "curve": "stepped" },
					{ "time": 0.8, "x": 0, "y": 0 }
				],
				"scale": [
					{ "time": 0, "x": 1, "y": 1, "curve": "stepped" },
					{ "time": 0.4, "x": 1, "y": 1, "curve": "stepped" },
					{ "time": 0.8, "x": 1, "y": 1 }
				]
			},
			"rshoulder": {
				"rotate": [
					{
						"time": 0,
						"angle": 25.29,
						"curve": [ 0.25, 0, 0.75, 1 ]
					},
					{ "time": 0.4, "angle": 26.03 },
					{ "time": 0.8, "angle": 25.29 }
				],
				"translate": [
					{ "time": 0, "x": 0, "y": 0, "curve": "stepped" },
					{ "time": 0.4, "x": 0, "y": 0, "curve": "stepped" },
					{ "time": 0.8, "x": 0, "y": 0 }
				],
				"scale": [
					{ "time": 0, "x": 1, "y": 1, "curve": "stepped" },
					{ "time": 0.4, "x": 1, "y": 1, "curve": "stepped" },
					{ "time": 0.8, "x": 1, "y": 1 }
				]
			},
			"rhand": {
				"rotate": [
					{
						"time": 0,
						"angle": -20.12,
						"curve": [ 0.25, 0, 0.75, 1 ]
					},
					{
						"time": 0.4,
						"angle": -20.35,
						"curve": [ 0.25, 0, 0.75, 1 ]
					},
					{ "time": 0.8, "angle": -20.12 }
				],
				"translate": [
					{ "time": 0, "x": 0, "y": 0, "curve": "stepped" },
					{ "time": 0.4, "x": 0, "y": 0, "curve": "stepped" },
					{ "time": 0.8, "x": 0, "y": 0 }
				],
				"scale": [
					{
						"time": 0,
						"x": 1,
						"y": 1,
						"curve": [ 0.25, 0, 0.75, 1 ]
					},
					{
						"time": 0.4,
						"x": 1,
						"y": 0.858,
						"curve": [ 0.25, 0, 0.75, 1 ]
					},
					{ "time": 0.8, "x": 1, "y": 1 }
				]
			},
			"rfoot": {
				"rotate": [
					{
						"time": 0,
						"angle": 0.42,
						"curve": [ 0.25, 0, 0.75, 1 ]
					},
					{ "time": 0.4, "angle": 0 },
					{ "time": 0.8, "angle": 0.42 }
				],
				"translate": [
					{ "time": 0, "x": 0, "y": 0, "curve": "stepped" },
					{ "time": 0.4, "x": 0, "y": 0, "curve": "stepped" },
					{ "time": 0.8, "x": 0, "y": 0 }
				],
				"scale": [
					{ "time": 0, "x": 1, "y": 1, "curve": "stepped" },
					{ "time": 0.4, "x": 1, "y": 1, "curve": "stepped" },
					{ "time": 0.8, "x": 1, "y": 1 }
				]
			},
			"lthigh": {
				"rotate": [
					{
						"time": 0,
						"angle": 0.42,
						"curve": [ 0.25, 0, 0.75, 1 ]
					},
					{ "time": 0.4, "angle": 0 },
					{ "time": 0.8, "angle": 0.42 }
				],
				"translate": [
					{ "time": 0, "x": 0, "y": 0, "curve": "stepped" },
					{ "time": 0.4, "x": 0, "y": 0, "curve": "stepped" },
					{ "time": 0.8, "x": 0, "y": 0 }
				],
				"scale": [
					{ "time": 0, "x": 1, "y": 1, "curve": "stepped" },
					{ "time": 0.4, "x": 1, "y": 1, "curve": "stepped" },
					{ "time": 0.8, "x": 1, "y": 1 }
				]
			},
			"rthigh": {
				"rotate": [
					{
						"time": 0,
						"angle": 0.42,
						"curve": [ 0.25, 0, 0.75, 1 ]
					},
					{ "time": 0.4, "angle": 0 },
					{ "time": 0.8, "angle": 0.42 }
				],
				"translate": [
					{ "time": 0, "x": 0, "y": 0, "curve": "stepped" },
					{ "time": 0.4, "x": 0, "y": 0, "curve": "stepped" },
					{ "time": 0.8, "x": 0, "y": 0 }
				],
				"scale": [
					{ "time": 0, "x": 1, "y": 1, "curve": "stepped" },
					{ "time": 0.4, "x": 1, "y": 1, "curve": "stepped" },
					{ "time": 0.8, "x": 1, "y": 1 }
				]
			}
		},
		"draworder": [
			{ "time": 0 },
			{ "time": 0.4 },
			{ "time": 0.8 }
		]
	},
	"stand": {
		"bones": {
			"lhand": {
				"rotate": [
					{
						"time": 0,
						"angle": -17.2,
						"curve": [ 0.365, 0.45, 0.754, 1 ]
					},
					{ "time": 0.4, "angle": -50.91 },
					{ "time": 0.8, "angle": -17.2 }
				],
				"translate": [
					{ "time": 0, "x": 0, "y": 0 },
					{ "time": 0.4, "x": -0.45, "y": -0.04 },
					{ "time": 0.8, "x": 0, "y": 0 }
				],
				"scale": [
					{ "time": 0, "x": 1, "y": 1, "curve": "stepped" },
					{ "time": 0.4, "x": 1, "y": 1, "curve": "stepped" },
					{ "time": 0.8, "x": 1, "y": 1 }
				]
			},
			"larm": {
				"rotate": [
					{
						"time": 0,
						"angle": 3.44,
						"curve": [ 0.365, 0.45, 0.754, 1 ]
					},
					{ "time": 0.4, "angle": 6.34 },
					{ "time": 0.8, "angle": 3.44 }
				],
				"translate": [
					{ "time": 0, "x": 0, "y": 0 },
					{ "time": 0.4, "x": -0.1, "y": -0.42 },
					{ "time": 0.8, "x": 0, "y": 0 }
				],
				"scale": [
					{ "time": 0, "x": 0.942, "y": 1, "curve": "stepped" },
					{ "time": 0.4, "x": 0.942, "y": 1, "curve": "stepped" },
					{ "time": 0.8, "x": 0.942, "y": 1 }
				]
			},
			"rarm": {
				"rotate": [
					{
						"time": 0,
						"angle": 0,
						"curve": [ 0.365, 0.45, 0.754, 1 ]
					},
					{ "time": 0.4, "angle": -2 },
					{ "time": 0.8, "angle": 0 }
				],
				"translate": [
					{ "time": 0, "x": 0, "y": 0, "curve": "stepped" },
					{ "time": 0.4, "x": 0, "y": 0, "curve": "stepped" },
					{ "time": 0.8, "x": 0, "y": 0 }
				],
				"scale": [
					{ "time": 0, "x": 1.205, "y": 1, "curve": "stepped" },
					{ "time": 0.4, "x": 1.205, "y": 1, "curve": "stepped" },
					{ "time": 0.8, "x": 1.205, "y": 1 }
				]
			},
			"lleg": {
				"rotate": [
					{ "time": 0, "angle": 0, "curve": "stepped" },
					{ "time": 0.4, "angle": 0, "curve": "stepped" },
					{ "time": 0.8, "angle": 0 }
				],
				"translate": [
					{ "time": 0, "x": 0, "y": 0, "curve": "stepped" },
					{ "time": 0.4, "x": 0, "y": 0, "curve": "stepped" },
					{ "time": 0.8, "x": 0, "y": 0 }
				],
				"scale": [
					{ "time": 0, "x": 0.347, "y": 0.345, "curve": "stepped" },
					{ "time": 0.4, "x": 0.347, "y": 0.345, "curve": "stepped" },
					{ "time": 0.8, "x": 0.347, "y": 0.345 }
				]
			},
			"rleg": {
				"rotate": [
					{ "time": 0, "angle": 0, "curve": "stepped" },
					{ "time": 0.4, "angle": 0, "curve": "stepped" },
					{ "time": 0.8, "angle": 0 }
				],
				"translate": [
					{ "time": 0, "x": 0, "y": 0, "curve": "stepped" },
					{ "time": 0.4, "x": 0, "y": 0, "curve": "stepped" },
					{ "time": 0.8, "x": 0, "y": 0 }
				],
				"scale": [
					{ "time": 0, "x": -0.065, "y": 1, "curve": "stepped" },
					{ "time": 0.4, "x": -0.065, "y": 1, "curve": "stepped" },
					{ "time": 0.8, "x": -0.065, "y": 1 }
				]
			},
			"root": {
				"rotate": [
					{ "time": 0, "angle": 1.1, "curve": "stepped" },
					{ "time": 0.4, "angle": 1.1, "curve": "stepped" },
					{ "time": 0.8, "angle": 1.1 }
				],
				"translate": [
					{ "time": 0, "x": 0, "y": 0, "curve": "stepped" },
					{ "time": 0.4, "x": 0, "y": 0, "curve": "stepped" },
					{ "time": 0.8, "x": 0, "y": 0 }
				],
				"scale": [
					{ "time": 0, "x": 1, "y": 1, "curve": "stepped" },
					{ "time": 0.4, "x": 1, "y": 1, "curve": "stepped" },
					{ "time": 0.8, "x": 1, "y": 1 }
				]
			},
			"lshoulder": {
				"rotate": [
					{
						"time": 0,
						"angle": 2.46,
						"curve": [ 0.365, 0.45, 0.754, 1 ]
					},
					{ "time": 0.4, "angle": 7.32 },
					{ "time": 0.8, "angle": 2.46 }
				],
				"translate": [
					{ "time": 0, "x": 0, "y": 0, "curve": "stepped" },
					{ "time": 0.4, "x": 0, "y": 0, "curve": "stepped" },
					{ "time": 0.8, "x": 0, "y": 0 }
				],
				"scale": [
					{ "time": 0, "x": 1, "y": 1, "curve": "stepped" },
					{ "time": 0.4, "x": 1, "y": 1, "curve": "stepped" },
					{ "time": 0.8, "x": 1, "y": 1 }
				]
			},
			"lfoot": {
				"rotate": [
					{ "time": 0, "angle": 0, "curve": "stepped" },
					{ "time": 0.4, "angle": 0, "curve": "stepped" },
					{ "time": 0.8, "angle": 0 }
				],
				"translate": [
					{ "time": 0, "x": 0, "y": 0, "curve": "stepped" },
					{ "time": 0.4, "x": 0, "y": 0, "curve": "stepped" },
					{ "time": 0.8, "x": 0, "y": 0 }
				],
				"scale": [
					{ "time": 0, "x": 1, "y": 1, "curve": "stepped" },
					{ "time": 0.4, "x": 1, "y": 1, "curve": "stepped" },
					{ "time": 0.8, "x": 1, "y": 1 }
				]
			},
			"rshoulder": {
				"rotate": [
					{
						"time": 0,
						"angle": -3.99,
						"curve": [ 0.365, 0.45, 0.754, 1 ]
					},
					{ "time": 0.4, "angle": -10.38 },
					{ "time": 0.8, "angle": -3.99 }
				],
				"translate": [
					{ "time": 0, "x": 0, "y": 0, "curve": "stepped" },
					{ "time": 0.4, "x": 0, "y": 0, "curve": "stepped" },
					{ "time": 0.8, "x": 0, "y": 0 }
				],
				"scale": [
					{ "time": 0, "x": 1, "y": 1, "curve": "stepped" },
					{ "time": 0.4, "x": 1, "y": 1, "curve": "stepped" },
					{ "time": 0.8, "x": 1, "y": 1 }
				]
			},
			"rhand": {
				"rotate": [
					{
						"time": 0,
						"angle": 0,
						"curve": [ 0.365, 0.45, 0.754, 1 ]
					},
					{ "time": 0.4, "angle": 51.36 },
					{ "time": 0.8, "angle": 0 }
				],
				"translate": [
					{ "time": 0, "x": 0, "y": 0, "curve": "stepped" },
					{ "time": 0.4, "x": 0, "y": 0, "curve": "stepped" },
					{ "time": 0.8, "x": 0, "y": 0 }
				],
				"scale": [
					{ "time": 0, "x": 1, "y": 1, "curve": "stepped" },
					{ "time": 0.4, "x": 1, "y": 1, "curve": "stepped" },
					{ "time": 0.8, "x": 1, "y": 1 }
				]
			},
			"rfoot": {
				"rotate": [
					{ "time": 0, "angle": 0, "curve": "stepped" },
					{ "time": 0.4, "angle": 0, "curve": "stepped" },
					{ "time": 0.8, "angle": 0 }
				],
				"translate": [
					{ "time": 0, "x": 0, "y": 0, "curve": "stepped" },
					{ "time": 0.4, "x": 0, "y": 0, "curve": "stepped" },
					{ "time": 0.8, "x": 0, "y": 0 }
				],
				"scale": [
					{ "time": 0, "x": 1, "y": 1, "curve": "stepped" },
					{ "time": 0.4, "x": 1, "y": 1, "curve": "stepped" },
					{ "time": 0.8, "x": 1, "y": 1 }
				]
			},
			"lthigh": {
				"rotate": [
					{ "time": 0, "angle": 0, "curve": "stepped" },
					{ "time": 0.4, "angle": 0, "curve": "stepped" },
					{ "time": 0.8, "angle": 0 }
				],
				"translate": [
					{ "time": 0, "x": 0, "y": 0, "curve": "stepped" },
					{ "time": 0.4, "x": 0, "y": 0, "curve": "stepped" },
					{ "time": 0.8, "x": 0, "y": 0 }
				],
				"scale": [
					{ "time": 0, "x": 1, "y": 1, "curve": "stepped" },
					{ "time": 0.4, "x": 1, "y": 1, "curve": "stepped" },
					{ "time": 0.8, "x": 1, "y": 1 }
				]
			},
			"rthigh": {
				"rotate": [
					{ "time": 0, "angle": 0, "curve": "stepped" },
					{ "time": 0.4, "angle": 0, "curve": "stepped" },
					{ "time": 0.8, "angle": 0 }
				],
				"translate": [
					{ "time": 0, "x": 0, "y": 0, "curve": "stepped" },
					{ "time": 0.4, "x": 0, "y": 0, "curve": "stepped" },
					{ "time": 0.8, "x": 0, "y": 0 }
				],
				"scale": [
					{ "time": 0, "x": 1, "y": 1, "curve": "stepped" },
					{ "time": 0.4, "x": 1, "y": 1, "curve": "stepped" },
					{ "time": 0.8, "x": 1, "y": 1 }
				]
			}
		}
	},
	"standweapon": {
		"bones": {
			"lhand": {
				"rotate": [
					{ "time": 0, "angle": -10.67 },
					{ "time": 0.4, "angle": 0.11 }
				],
				"translate": [
					{ "time": 0, "x": 0, "y": 0, "curve": "stepped" },
					{ "time": 0.4, "x": 0, "y": 0 }
				],
				"scale": [
					{ "time": 0, "x": 1, "y": 1, "curve": "stepped" },
					{ "time": 0.4, "x": 1, "y": 1 }
				]
			},
			"larm": {
				"rotate": [
					{ "time": 0, "angle": 4.97 },
					{ "time": 0.4, "angle": 13.41 }
				],
				"translate": [
					{ "time": 0, "x": 0, "y": 0, "curve": "stepped" },
					{ "time": 0.4, "x": 0, "y": 0 }
				],
				"scale": [
					{ "time": 0, "x": 0.885, "y": 1, "curve": "stepped" },
					{ "time": 0.4, "x": 0.885, "y": 1 }
				]
			},
			"rarm": {
				"rotate": [
					{ "time": 0, "angle": -24.11 },
					{ "time": 0.4, "angle": -24.38 }
				],
				"translate": [
					{ "time": 0, "x": 0, "y": 0, "curve": "stepped" },
					{ "time": 0.4, "x": 0, "y": 0 }
				],
				"scale": [
					{ "time": 0, "x": 1.286, "y": 0.839, "curve": "stepped" },
					{ "time": 0.4, "x": 1.286, "y": 0.839 }
				]
			},
			"lleg": {
				"rotate": [
					{ "time": 0, "angle": 0.31, "curve": "stepped" },
					{ "time": 0.4, "angle": 0.31 }
				],
				"translate": [
					{ "time": 0, "x": 0, "y": 0, "curve": "stepped" },
					{ "time": 0.4, "x": 0, "y": 0 }
				],
				"scale": [
					{ "time": 0, "x": 0.583, "y": 0.58, "curve": "stepped" },
					{ "time": 0.4, "x": 0.583, "y": 0.58 }
				]
			},
			"rleg": {
				"rotate": [
					{ "time": 0, "angle": 0.31, "curve": "stepped" },
					{ "time": 0.4, "angle": 0.31 }
				],
				"translate": [
					{ "time": 0, "x": 0, "y": 0, "curve": "stepped" },
					{ "time": 0.4, "x": 0, "y": 0 }
				],
				"scale": [
					{ "time": 0, "x": -0.298, "y": 1, "curve": "stepped" },
					{ "time": 0.4, "x": -0.298, "y": 1 }
				]
			},
			"root": {
				"rotate": [
					{ "time": 0, "angle": 2.81 },
					{ "time": 0.4, "angle": 4.73 }
				],
				"translate": [
					{ "time": 0, "x": 0, "y": 0, "curve": "stepped" },
					{ "time": 0.4, "x": 0, "y": 0 }
				],
				"scale": [
					{ "time": 0, "x": 1, "y": 1, "curve": "stepped" },
					{ "time": 0.4, "x": 1, "y": 1 }
				]
			},
			"lshoulder": {
				"rotate": [
					{ "time": 0, "angle": 4.65 },
					{ "time": 0.4, "angle": 8.4 }
				],
				"translate": [
					{ "time": 0, "x": 0, "y": 0, "curve": "stepped" },
					{ "time": 0.4, "x": 0, "y": 0 }
				],
				"scale": [
					{ "time": 0, "x": 1, "y": 1, "curve": "stepped" },
					{ "time": 0.4, "x": 1, "y": 1 }
				]
			},
			"lfoot": {
				"rotate": [
					{ "time": 0, "angle": 0.31, "curve": "stepped" },
					{ "time": 0.4, "angle": 0.31 }
				],
				"translate": [
					{ "time": 0, "x": 0, "y": 0, "curve": "stepped" },
					{ "time": 0.4, "x": 0, "y": 0 }
				],
				"scale": [
					{ "time": 0, "x": 1, "y": 1, "curve": "stepped" },
					{ "time": 0.4, "x": 1, "y": 1 }
				]
			},
			"rshoulder": {
				"rotate": [
					{ "time": 0, "angle": 25.47 },
					{ "time": 0.4, "angle": 27.74 }
				],
				"translate": [
					{ "time": 0, "x": 0, "y": 0, "curve": "stepped" },
					{ "time": 0.4, "x": 0, "y": 0 }
				],
				"scale": [
					{ "time": 0, "x": 1, "y": 1, "curve": "stepped" },
					{ "time": 0.4, "x": 1, "y": 1 }
				]
			},
			"rhand": {
				"rotate": [
					{
						"time": 0,
						"angle": -20.17,
						"curve": [ 0.352, 0.41, 0.687, 0.75 ]
					},
					{ "time": 0.4, "angle": -28.41 }
				],
				"translate": [
					{ "time": 0, "x": 0, "y": 0, "curve": "stepped" },
					{ "time": 0.4, "x": 0, "y": 0 }
				],
				"scale": [
					{ "time": 0, "x": 1, "y": 0.973, "curve": "stepped" },
					{ "time": 0.4, "x": 1, "y": 0.973 }
				]
			},
			"rfoot": {
				"rotate": [
					{ "time": 0, "angle": 0.31, "curve": "stepped" },
					{ "time": 0.4, "angle": 0.31 }
				],
				"translate": [
					{ "time": 0, "x": 0, "y": 0, "curve": "stepped" },
					{ "time": 0.4, "x": 0, "y": 0 }
				],
				"scale": [
					{ "time": 0, "x": 1, "y": 1, "curve": "stepped" },
					{ "time": 0.4, "x": 1, "y": 1 }
				]
			},
			"lthigh": {
				"rotate": [
					{ "time": 0, "angle": 0.31, "curve": "stepped" },
					{ "time": 0.4, "angle": 0.31 }
				],
				"translate": [
					{ "time": 0, "x": 0, "y": 0, "curve": "stepped" },
					{ "time": 0.4, "x": 0, "y": 0 }
				],
				"scale": [
					{ "time": 0, "x": 1, "y": 1, "curve": "stepped" },
					{ "time": 0.4, "x": 1, "y": 1 }
				]
			},
			"rthigh": {
				"rotate": [
					{ "time": 0, "angle": 0.31, "curve": "stepped" },
					{ "time": 0.4, "angle": 0.31 }
				],
				"translate": [
					{ "time": 0, "x": 0, "y": 0, "curve": "stepped" },
					{ "time": 0.4, "x": 0, "y": 0 }
				],
				"scale": [
					{ "time": 0, "x": 1, "y": 1, "curve": "stepped" },
					{ "time": 0.4, "x": 1, "y": 1 }
				]
			}
		}
	}
}
}