{"bones":[{"name":"root"},{"name":"leftleg","parent":"root","length":61,"x":0.49,"rotation":179.09},{"name":"leftshoulder","parent":"root","length":56.92,"x":-3.5,"rotation":179.54},{"name":"rightleg","parent":"root","length":36.12,"x":-3.5,"rotation":-0.45},{"name":"rightshoulder","parent":"root","length":59.99,"x":0.49,"y":-1},{"name":"leftarm","parent":"leftshoulder","length":96,"x":58.01,"y":-1.54,"rotation":-90},{"name":"leftfoot","parent":"leftleg","length":31.01,"x":62,"y":-0.01,"rotation":-90.9},{"name":"rightarm","parent":"rightshoulder","length":96,"x":55.99,"y":-0.99,"rotation":89.54},{"name":"rightfoot","parent":"rightleg","length":32.01,"x":35.99,"y":0.26,"rotation":88.64}],"slots":[{"name":"leftfoot","bone":"leftfoot","attachment":"leftfoot"},{"name":"rightfoot","bone":"rightfoot","attachment":"rightfoot"},{"name":"leftarm","bone":"leftarm","attachment":"leftarm"},{"name":"rightarm","bone":"rightarm","attachment":"rightarm"},{"name":"rightshoulder","bone":"rightshoulder","attachment":"rightshoulder"},{"name":"leftshoulder","bone":"leftshoulder","attachment":"leftshoulder"},{"name":"head","bone":"root","attachment":"head2"}],"skins":{"default":{"head":{"head":{"x":-2,"y":9,"width":79,"height":78},"head2":{"x":-2,"y":9,"width":75,"height":87}},"leftarm":{"leftarm":{"x":41.97,"y":3.33,"rotation":-89.54,"width":45,"height":107}},"leftfoot":{"leftfoot":{"x":15.59,"y":-18.51,"rotation":-88.19,"width":42,"height":65}},"leftshoulder":{"leftshoulder":{"x":36.89,"y":13.29,"rotation":-179.54,"width":48,"height":39}},"rightarm":{"rightarm":{"x":47.98,"y":2.37,"rotation":-89.54,"width":45,"height":107}},"rightfoot":{"rightfoot":{"x":13.02,"y":-0.58,"rotation":-88.19,"width":42,"height":65}},"rightshoulder":{"rightshoulder":{"x":23,"y":-13,"width":48,"height":39}}}},"animations":{"animation":{"bones":{"rightshoulder":{"rotate":[{"time":0,"angle":15.73},{"time":0.3333,"angle":-19.64},{"time":0.6666,"angle":15.73}]},"leftleg":{"rotate":[{"time":0,"angle":-11.24},{"time":0.3333,"angle":-336.61},{"time":0.6666,"angle":-11.24}]},"rightleg":{"rotate":[{"time":0,"angle":-22.65},{"time":0.3333,"angle":5.51},{"time":0.6666,"angle":-22.65}]},"leftshoulder":{"rotate":[{"time":0,"angle":-345.27},{"time":0.3333,"angle":-18.08},{"time":0.6666,"angle":-345.27}]},"leftfoot":{"rotate":[{"time":0.3333,"angle":-3.09}]}}}}}